Order_ID,Date,Product,Category,Region,State,Sales,Quantity,Profit,Customer_Age,Payment_Mode
ORD1000,2024-01-01,Headphone,Accessories,West,Delhi,2141,9,7801,39,UPI
ORD1001,2024-01-02,Charger,Electronics,South,Delhi,19019,5,1316,38,Cash
ORD1002,2024-01-03,Tablet,Accessories,South,Mumbai,21384,18,4151,43,NetBanking
ORD1003,2024-01-04,Charger,Accessories,East,Hyderabad,43903,9,2297,57,Card
ORD1004,2024-01-05,Charger,Gadgets,South,Mumbai,46734,17,14291,38,UPI
ORD1005,2024-01-06,Mobile,Accessories,South,Bangalore,37129,17,2906,42,NetBanking
ORD1006,2024-01-07,Tablet,Gadgets,West,Delhi,23967,12,9070,58,Cash
ORD1007,2024-01-08,Tablet,Accessories,East,Chennai,41603,7,1072,18,Cash
ORD1008,2024-01-09,Tablet,Accessories,West,Pune,12172,3,11102,23,NetBanking
ORD1009,2024-01-10,Charger,Accessories,North,Chennai,17390,10,5734,40,Cash
ORD1010,2024-01-11,Headphone,Gadgets,North,Pune,4267,2,13804,40,Card
ORD1011,2024-01-12,Tablet,Gadgets,North,Delhi,40332,3,7583,40,Card
ORD1012,2024-01-13,Smartwatch,Electronics,East,Delhi,27167,16,2223,49,Card
ORD1013,2024-01-14,Charger,Gadgets,South,Delhi,22312,2,8890,47,Cash
ORD1014,2024-01-15,Mobile,Gadgets,East,Mumbai,28840,10,11633,30,Card
ORD1015,2024-01-16,Headphone,Gadgets,East,Hyderabad,19990,6,324,35,UPI
ORD1016,2024-01-17,Smartwatch,Gadgets,South,Pune,45179,11,13941,40,Card
ORD1017,2024-01-18,Smartwatch,Electronics,West,Hyderabad,6906,7,14548,32,Card
ORD1018,2024-01-19,Mobile,Gadgets,North,Mumbai,49796,15,14686,50,Cash
ORD1019,2024-01-20,Headphone,Accessories,West,Mumbai,41379,6,9132,38,Card
ORD1020,2024-01-21,Charger,Accessories,North,Kolkata,18297,9,1914,56,NetBanking
ORD1021,2024-01-22,Laptop,Gadgets,East,Chennai,3011,12,13101,40,UPI
ORD1022,2024-01-23,Headphone,Gadgets,North,Chennai,45014,19,1206,44,Cash
ORD1023,2024-01-24,Mobile,Accessories,East,Bangalore,47558,3,224,35,UPI
ORD1024,2024-01-25,Smartwatch,Accessories,West,Mumbai,12738,15,3346,41,NetBanking
ORD1025,2024-01-26,Charger,Electronics,East,Pune,29797,2,13480,57,Cash
ORD1026,2024-01-27,Headphone,Accessories,West,Kolkata,48498,2,3031,59,Cash
ORD1027,2024-01-28,Laptop,Accessories,South,Kolkata,12120,3,13667,24,Card
ORD1028,2024-01-29,Laptop,Gadgets,South,Hyderabad,9767,6,14138,37,UPI
ORD1029,2024-01-30,Tablet,Accessories,South,Chennai,23852,15,12417,44,NetBanking
ORD1030,2024-01-31,Tablet,Electronics,East,Mumbai,14703,10,14716,23,NetBanking
ORD1031,2024-02-01,Mobile,Accessories,South,Bangalore,1929,9,3071,44,Cash
ORD1032,2024-02-02,Headphone,Gadgets,North,Mumbai,12951,1,2117,26,Card
ORD1033,2024-02-03,Headphone,Gadgets,West,Hyderabad,27039,16,7515,48,Cash
ORD1034,2024-02-04,Smartwatch,Accessories,West,Delhi,49613,6,2515,38,Cash
ORD1035,2024-02-05,Smartwatch,Gadgets,North,Mumbai,30504,9,12882,43,Cash
ORD1036,2024-02-06,Smartwatch,Electronics,East,Hyderabad,18438,4,3196,57,Cash
ORD1037,2024-02-07,Tablet,Electronics,East,Delhi,49515,2,1709,30,NetBanking
ORD1038,2024-02-08,Headphone,Accessories,West,Delhi,6744,4,817,40,NetBanking
ORD1039,2024-02-09,Headphone,Accessories,South,Bangalore,19284,1,3661,37,Cash
ORD1040,2024-02-10,Laptop,Accessories,East,Pune,43417,19,9308,54,Cash
ORD1041,2024-02-11,Tablet,Gadgets,East,Chennai,40748,10,11857,45,Card
ORD1042,2024-02-12,Charger,Electronics,North,Mumbai,8069,15,13725,34,Cash
ORD1043,2024-02-13,Tablet,Electronics,North,Delhi,43359,19,12993,45,NetBanking
ORD1044,2024-02-14,Charger,Gadgets,South,Mumbai,20799,16,12762,58,UPI
ORD1045,2024-02-15,Laptop,Electronics,East,Pune,34210,4,6882,19,NetBanking
ORD1046,2024-02-16,Mobile,Accessories,East,Chennai,29226,2,10252,42,Card
ORD1047,2024-02-17,Headphone,Accessories,North,Pune,5652,13,1148,58,NetBanking
ORD1048,2024-02-18,Laptop,Accessories,East,Chennai,25323,1,9649,23,UPI
ORD1049,2024-02-19,Headphone,Electronics,West,Kolkata,43138,17,11718,28,Cash
ORD1050,2024-02-20,Smartwatch,Accessories,North,Chennai,8597,13,8407,55,UPI
ORD1051,2024-02-21,Mobile,Gadgets,South,Bangalore,48093,4,10387,23,Cash
ORD1052,2024-02-22,Mobile,Gadgets,North,Pune,38226,7,8005,28,Cash
ORD1053,2024-02-23,Laptop,Electronics,East,Delhi,7591,17,10093,31,NetBanking
ORD1054,2024-02-24,Mobile,Gadgets,South,Kolkata,26833,9,10438,19,NetBanking
ORD1055,2024-02-25,Charger,Gadgets,North,Bangalore,12826,4,5678,57,NetBanking
ORD1056,2024-02-26,Mobile,Electronics,West,Mumbai,27417,19,13934,20,Card
ORD1057,2024-02-27,Headphone,Accessories,West,Pune,19693,1,1720,52,NetBanking
ORD1058,2024-02-28,Headphone,Accessories,North,Hyderabad,15138,10,6648,50,Card
ORD1059,2024-02-29,Headphone,Accessories,West,Hyderabad,3169,4,7481,41,NetBanking
ORD1060,2024-03-01,Headphone,Electronics,West,Delhi,19556,9,4880,36,Cash
ORD1061,2024-03-02,Charger,Gadgets,West,Chennai,23052,13,11242,35,Card
ORD1062,2024-03-03,Tablet,Accessories,South,Delhi,7313,14,14938,41,UPI
ORD1063,2024-03-04,Smartwatch,Accessories,West,Hyderabad,9315,10,3892,52,Card
ORD1064,2024-03-05,Laptop,Electronics,West,Mumbai,9036,6,13859,18,Card
ORD1065,2024-03-06,Headphone,Accessories,West,Kolkata,32778,16,3041,53,UPI
ORD1066,2024-03-07,Mobile,Electronics,South,Kolkata,28734,6,5795,42,Card
ORD1067,2024-03-08,Headphone,Gadgets,North,Pune,24173,17,6501,51,Cash
ORD1068,2024-03-09,Mobile,Electronics,East,Kolkata,31403,10,14556,42,NetBanking
ORD1069,2024-03-10,Smartwatch,Electronics,West,Pune,1785,18,13197,33,UPI
ORD1070,2024-03-11,Smartwatch,Electronics,North,Pune,7139,18,9269,51,NetBanking
ORD1071,2024-03-12,Smartwatch,Electronics,West,Pune,7344,3,6297,46,Cash
ORD1072,2024-03-13,Mobile,Gadgets,South,Hyderabad,19800,15,11358,36,UPI
ORD1073,2024-03-14,Headphone,Gadgets,North,Hyderabad,26372,15,5550,40,NetBanking
ORD1074,2024-03-15,Smartwatch,Accessories,South,Chennai,21538,4,9075,36,NetBanking
ORD1075,2024-03-16,Charger,Gadgets,West,Bangalore,15973,9,8532,42,Cash
ORD1076,2024-03-17,Mobile,Gadgets,West,Pune,6619,19,5974,33,NetBanking
ORD1077,2024-03-18,Mobile,Accessories,South,Pune,35704,17,1653,26,Cash
ORD1078,2024-03-19,Headphone,Gadgets,East,Bangalore,37575,11,12870,18,Card
ORD1079,2024-03-20,Mobile,Electronics,South,Delhi,40919,9,1112,59,Cash
ORD1080,2024-03-21,Mobile,Electronics,West,Pune,43261,10,8478,36,Card
ORD1081,2024-03-22,Smartwatch,Accessories,South,Chennai,46123,18,1981,50,UPI
ORD1082,2024-03-23,Headphone,Accessories,East,Kolkata,28716,13,6899,51,NetBanking
ORD1083,2024-03-24,Smartwatch,Accessories,South,Kolkata,4236,8,14697,33,Cash
ORD1084,2024-03-25,Smartwatch,Electronics,East,Mumbai,16848,7,13340,57,Cash
ORD1085,2024-03-26,Headphone,Gadgets,East,Mumbai,3352,17,13775,35,NetBanking
ORD1086,2024-03-27,Laptop,Electronics,South,Kolkata,2932,15,4686,51,NetBanking
ORD1087,2024-03-28,Smartwatch,Accessories,South,Kolkata,11913,15,8722,42,UPI
ORD1088,2024-03-29,Charger,Gadgets,North,Hyderabad,9556,1,8530,23,UPI
ORD1089,2024-03-30,Charger,Gadgets,West,Chennai,22300,14,6547,38,Cash
ORD1090,2024-03-31,Mobile,Electronics,East,Bangalore,6498,5,2445,23,UPI
ORD1091,2024-04-01,Charger,Accessories,North,Mumbai,11582,11,175,49,Card
ORD1092,2024-04-02,Mobile,Electronics,South,Hyderabad,47633,16,9648,58,UPI
ORD1093,2024-04-03,Laptop,Gadgets,West,Hyderabad,10569,2,14311,56,UPI
ORD1094,2024-04-04,Headphone,Electronics,North,Bangalore,5857,8,5977,48,Cash
ORD1095,2024-04-05,Headphone,Electronics,East,Hyderabad,1340,11,6885,59,Card
ORD1096,2024-04-06,Headphone,Accessories,North,Chennai,44949,18,5022,27,UPI
ORD1097,2024-04-07,Charger,Accessories,East,Kolkata,17766,3,8190,47,Card
ORD1098,2024-04-08,Laptop,Gadgets,South,Pune,27132,1,2430,35,Card
ORD1099,2024-04-09,Charger,Electronics,West,Bangalore,9491,11,4786,41,Card
ORD1100,2024-04-10,Charger,Electronics,West,Kolkata,1138,16,14507,26,NetBanking
ORD1101,2024-04-11,Laptop,Electronics,West,Kolkata,1358,18,2002,48,NetBanking
ORD1102,2024-04-12,Laptop,Gadgets,South,Delhi,10714,16,14298,32,NetBanking
ORD1103,2024-04-13,Laptop,Gadgets,East,Bangalore,20840,10,12305,21,NetBanking
ORD1104,2024-04-14,Laptop,Accessories,South,Hyderabad,35395,18,4770,57,Cash
ORD1105,2024-04-15,Headphone,Accessories,West,Pune,31654,6,7243,26,UPI
ORD1106,2024-04-16,Tablet,Accessories,South,Bangalore,26879,19,13279,26,NetBanking
ORD1107,2024-04-17,Tablet,Electronics,South,Hyderabad,16996,4,2159,43,Cash
ORD1108,2024-04-18,Laptop,Electronics,South,Kolkata,38772,13,240,21,UPI
ORD1109,2024-04-19,Tablet,Accessories,East,Pune,27762,14,1889,34,NetBanking
ORD1110,2024-04-20,Tablet,Electronics,North,Hyderabad,14283,3,11918,33,UPI
ORD1111,2024-04-21,Laptop,Accessories,North,Chennai,40420,10,116,32,NetBanking
ORD1112,2024-04-22,Tablet,Gadgets,South,Hyderabad,20554,6,13474,52,Cash
ORD1113,2024-04-23,Charger,Accessories,North,Delhi,21219,1,12640,22,Card
ORD1114,2024-04-24,Mobile,Gadgets,North,Kolkata,35919,14,564,22,Card
ORD1115,2024-04-25,Mobile,Electronics,South,Hyderabad,10429,8,4571,37,UPI
ORD1116,2024-04-26,Laptop,Accessories,South,Mumbai,47840,19,1927,32,Cash
ORD1117,2024-04-27,Headphone,Electronics,West,Mumbai,45695,14,11320,35,Card
ORD1118,2024-04-28,Laptop,Gadgets,North,Delhi,40673,10,8811,19,NetBanking
ORD1119,2024-04-29,Headphone,Gadgets,East,Chennai,20218,17,6056,46,Card
ORD1120,2024-04-30,Mobile,Gadgets,South,Kolkata,13452,9,189,30,UPI
ORD1121,2024-05-01,Laptop,Electronics,West,Bangalore,49980,6,4915,21,UPI
ORD1122,2024-05-02,Smartwatch,Electronics,East,Delhi,19951,11,2951,59,Cash
ORD1123,2024-05-03,Charger,Electronics,North,Chennai,2307,7,2943,27,UPI
ORD1124,2024-05-04,Tablet,Electronics,West,Bangalore,15852,17,13017,48,Card
ORD1125,2024-05-05,Headphone,Gadgets,South,Mumbai,26232,1,10176,58,Card
ORD1126,2024-05-06,Smartwatch,Gadgets,East,Mumbai,36428,5,12463,25,Card
ORD1127,2024-05-07,Tablet,Accessories,South,Bangalore,44171,9,9217,20,Card
ORD1128,2024-05-08,Tablet,Accessories,North,Delhi,27485,18,12026,26,Cash
ORD1129,2024-05-09,Laptop,Electronics,East,Mumbai,11238,2,6643,47,NetBanking
ORD1130,2024-05-10,Tablet,Gadgets,North,Kolkata,39975,11,6001,28,NetBanking
ORD1131,2024-05-11,Charger,Gadgets,North,Pune,2140,6,1069,52,Cash
ORD1132,2024-05-12,Smartwatch,Gadgets,West,Hyderabad,25842,8,1194,54,UPI
ORD1133,2024-05-13,Tablet,Accessories,South,Bangalore,27421,4,6224,59,NetBanking
ORD1134,2024-05-14,Laptop,Accessories,East,Bangalore,2708,18,7447,30,UPI
ORD1135,2024-05-15,Charger,Gadgets,North,Mumbai,4630,11,3295,53,NetBanking
ORD1136,2024-05-16,Mobile,Gadgets,North,Delhi,20595,5,1504,30,UPI
ORD1137,2024-05-17,Smartwatch,Gadgets,East,Kolkata,11485,15,11656,29,Cash
ORD1138,2024-05-18,Tablet,Accessories,North,Delhi,29308,18,7040,54,Card
ORD1139,2024-05-19,Laptop,Gadgets,West,Chennai,45789,2,4390,27,UPI
ORD1140,2024-05-20,Mobile,Gadgets,West,Chennai,27086,11,4082,26,Card
ORD1141,2024-05-21,Mobile,Electronics,West,Pune,17859,13,12615,24,UPI
ORD1142,2024-05-22,Headphone,Electronics,West,Mumbai,8684,4,12305,19,UPI
ORD1143,2024-05-23,Charger,Accessories,North,Mumbai,26552,7,5655,40,UPI
ORD1144,2024-05-24,Tablet,Gadgets,East,Mumbai,2207,11,8054,56,UPI
ORD1145,2024-05-25,Laptop,Gadgets,East,Pune,47099,4,12848,57,UPI
ORD1146,2024-05-26,Headphone,Electronics,East,Chennai,2960,15,4813,56,Card
ORD1147,2024-05-27,Charger,Accessories,East,Delhi,1557,1,3192,38,UPI
ORD1148,2024-05-28,Headphone,Electronics,South,Pune,30689,3,4259,40,Card
ORD1149,2024-05-29,Smartwatch,Electronics,East,Pune,49651,14,6408,46,Cash
ORD1150,2024-05-30,Charger,Electronics,South,Delhi,14893,6,10366,31,NetBanking
ORD1151,2024-05-31,Charger,Electronics,South,Mumbai,33272,18,7578,43,UPI
ORD1152,2024-06-01,Tablet,Gadgets,West,Kolkata,1882,1,8576,22,NetBanking
ORD1153,2024-06-02,Charger,Gadgets,South,Delhi,38529,6,14071,48,Card
ORD1154,2024-06-03,Headphone,Electronics,North,Chennai,39635,6,14716,42,Cash
ORD1155,2024-06-04,Charger,Accessories,South,Bangalore,30535,16,5033,48,Cash
ORD1156,2024-06-05,Tablet,Accessories,West,Bangalore,13869,5,5026,37,Cash
ORD1157,2024-06-06,Tablet,Accessories,South,Hyderabad,8166,17,9479,34,NetBanking
ORD1158,2024-06-07,Smartwatch,Accessories,North,Hyderabad,13982,10,4069,19,Card
ORD1159,2024-06-08,Headphone,Electronics,North,Pune,41697,18,3065,42,UPI
ORD1160,2024-06-09,Mobile,Gadgets,North,Bangalore,39115,7,4419,30,UPI
ORD1161,2024-06-10,Mobile,Accessories,West,Kolkata,8269,3,9075,56,Card
ORD1162,2024-06-11,Charger,Electronics,West,Mumbai,29064,13,7208,45,NetBanking
ORD1163,2024-06-12,Smartwatch,Accessories,East,Chennai,14527,15,9241,59,UPI
ORD1164,2024-06-13,Laptop,Accessories,West,Hyderabad,3454,19,4039,23,Card
ORD1165,2024-06-14,Charger,Electronics,North,Kolkata,21878,3,144,20,UPI
ORD1166,2024-06-15,Smartwatch,Gadgets,North,Chennai,13991,4,1910,52,Cash
ORD1167,2024-06-16,Headphone,Gadgets,West,Chennai,3808,5,4666,35,UPI
ORD1168,2024-06-17,Headphone,Electronics,South,Mumbai,40410,1,10373,28,NetBanking
ORD1169,2024-06-18,Headphone,Gadgets,West,Pune,37593,4,11790,37,Card
ORD1170,2024-06-19,Headphone,Electronics,West,Bangalore,37304,12,9121,22,NetBanking
ORD1171,2024-06-20,Headphone,Electronics,North,Mumbai,31386,10,2009,36,Card
ORD1172,2024-06-21,Smartwatch,Electronics,East,Kolkata,49077,13,6464,39,Cash
ORD1173,2024-06-22,Smartwatch,Gadgets,North,Pune,4802,14,14279,36,Card
ORD1174,2024-06-23,Tablet,Electronics,East,Kolkata,29753,5,2681,33,UPI
ORD1175,2024-06-24,Mobile,Accessories,North,Pune,22083,4,791,41,UPI
ORD1176,2024-06-25,Headphone,Gadgets,West,Hyderabad,19354,14,12311,58,Cash
ORD1177,2024-06-26,Laptop,Gadgets,North,Kolkata,23190,10,13778,21,Card
ORD1178,2024-06-27,Smartwatch,Gadgets,North,Mumbai,7142,17,1031,32,Cash
ORD1179,2024-06-28,Laptop,Gadgets,North,Pune,29398,10,13228,42,UPI
ORD1180,2024-06-29,Laptop,Accessories,West,Pune,42862,7,8010,52,NetBanking
ORD1181,2024-06-30,Laptop,Gadgets,West,Chennai,34132,16,14326,31,Cash
ORD1182,2024-07-01,Tablet,Gadgets,West,Chennai,20503,1,13961,36,NetBanking
ORD1183,2024-07-02,Smartwatch,Electronics,West,Delhi,49456,17,6482,55,NetBanking
ORD1184,2024-07-03,Laptop,Gadgets,East,Kolkata,35631,9,3506,53,Card
ORD1185,2024-07-04,Headphone,Accessories,East,Chennai,17499,6,14876,24,Cash
ORD1186,2024-07-05,Charger,Accessories,South,Delhi,40852,19,8439,47,NetBanking
ORD1187,2024-07-06,Laptop,Accessories,West,Hyderabad,9016,13,1132,36,NetBanking
ORD1188,2024-07-07,Tablet,Accessories,East,Hyderabad,3384,3,1411,42,Card
ORD1189,2024-07-08,Smartwatch,Gadgets,North,Chennai,16072,7,8679,33,Card
ORD1190,2024-07-09,Tablet,Gadgets,West,Kolkata,37703,9,3221,57,UPI
ORD1191,2024-07-10,Laptop,Accessories,South,Pune,46895,5,1973,25,NetBanking
ORD1192,2024-07-11,Smartwatch,Accessories,South,Bangalore,15482,10,11880,35,UPI
ORD1193,2024-07-12,Charger,Gadgets,South,Kolkata,41510,17,9207,45,NetBanking
ORD1194,2024-07-13,Laptop,Accessories,North,Mumbai,49933,12,10170,33,UPI
ORD1195,2024-07-14,Tablet,Electronics,East,Hyderabad,22826,16,6881,36,Card
ORD1196,2024-07-15,Mobile,Accessories,North,Chennai,3490,3,3848,59,Cash
ORD1197,2024-07-16,Headphone,Accessories,West,Chennai,47092,9,377,34,Card
ORD1198,2024-07-17,Tablet,Electronics,South,Pune,26518,15,10269,30,UPI
ORD1199,2024-07-18,Smartwatch,Electronics,North,Mumbai,25045,5,1959,24,UPI
ORD1200,2024-07-19,Laptop,Gadgets,North,Pune,27910,13,11328,44,Cash
ORD1201,2024-07-20,Headphone,Gadgets,East,Mumbai,25566,14,11663,27,NetBanking
ORD1202,2024-07-21,Laptop,Electronics,East,Bangalore,34905,15,14213,51,UPI
ORD1203,2024-07-22,Smartwatch,Electronics,South,Hyderabad,28103,16,6029,53,UPI
ORD1204,2024-07-23,Laptop,Gadgets,North,Chennai,37188,13,6892,42,UPI
ORD1205,2024-07-24,Mobile,Accessories,North,Chennai,6845,17,4813,23,Cash
ORD1206,2024-07-25,Headphone,Electronics,East,Bangalore,22162,8,14018,41,Card
ORD1207,2024-07-26,Headphone,Gadgets,North,Delhi,37674,2,10474,35,UPI
ORD1208,2024-07-27,Smartwatch,Accessories,North,Hyderabad,20337,5,4775,40,Cash
ORD1209,2024-07-28,Mobile,Electronics,North,Pune,23313,6,1270,23,UPI
ORD1210,2024-07-29,Tablet,Accessories,East,Bangalore,27943,12,8781,46,NetBanking
ORD1211,2024-07-30,Laptop,Gadgets,South,Pune,13413,18,10817,42,Cash
ORD1212,2024-07-31,Charger,Electronics,West,Kolkata,1276,1,9474,34,UPI
ORD1213,2024-08-01,Laptop,Accessories,South,Chennai,18611,17,12771,41,Cash
ORD1214,2024-08-02,Laptop,Electronics,West,Pune,40105,11,12550,28,UPI
ORD1215,2024-08-03,Tablet,Accessories,North,Mumbai,12944,10,10780,43,Card
ORD1216,2024-08-04,Laptop,Gadgets,South,Pune,16906,19,10168,51,UPI
ORD1217,2024-08-05,Mobile,Gadgets,West,Kolkata,21536,14,5408,45,Cash
ORD1218,2024-08-06,Mobile,Electronics,East,Hyderabad,28810,10,2562,20,NetBanking
ORD1219,2024-08-07,Headphone,Accessories,East,Chennai,13306,15,13750,28,NetBanking
ORD1220,2024-08-08,Smartwatch,Electronics,South,Bangalore,11503,19,9922,55,NetBanking
ORD1221,2024-08-09,Charger,Electronics,South,Kolkata,20225,4,13592,31,UPI
ORD1222,2024-08-10,Laptop,Accessories,North,Chennai,37976,2,387,43,Card
ORD1223,2024-08-11,Laptop,Accessories,South,Pune,12590,9,6053,38,UPI
ORD1224,2024-08-12,Tablet,Accessories,North,Hyderabad,11886,10,4382,56,NetBanking
ORD1225,2024-08-13,Smartwatch,Gadgets,North,Delhi,13866,11,2007,47,Cash
ORD1226,2024-08-14,Mobile,Electronics,East,Hyderabad,2088,14,1261,25,NetBanking
ORD1227,2024-08-15,Charger,Electronics,East,Delhi,4363,7,229,37,Cash
ORD1228,2024-08-16,Headphone,Gadgets,West,Mumbai,33792,15,6437,49,Card
ORD1229,2024-08-17,Mobile,Accessories,East,Hyderabad,10764,19,2463,39,Cash
ORD1230,2024-08-18,Smartwatch,Gadgets,East,Chennai,21620,15,8251,24,UPI
ORD1231,2024-08-19,Headphone,Gadgets,South,Delhi,43727,8,6083,26,UPI
ORD1232,2024-08-20,Tablet,Gadgets,East,Bangalore,13935,11,243,18,UPI
ORD1233,2024-08-21,Tablet,Electronics,West,Chennai,9068,9,8307,46,Cash
ORD1234,2024-08-22,Laptop,Gadgets,South,Bangalore,8295,15,7569,25,UPI
ORD1235,2024-08-23,Smartwatch,Electronics,West,Hyderabad,42160,1,14858,21,UPI
ORD1236,2024-08-24,Charger,Electronics,East,Bangalore,12390,1,344,52,UPI
ORD1237,2024-08-25,Headphone,Electronics,West,Delhi,42216,19,1026,20,Card
ORD1238,2024-08-26,Mobile,Accessories,South,Chennai,21131,3,3278,57,Cash
ORD1239,2024-08-27,Smartwatch,Electronics,North,Pune,30218,10,2276,24,Cash
ORD1240,2024-08-28,Smartwatch,Electronics,West,Kolkata,11433,8,5102,44,NetBanking
ORD1241,2024-08-29,Tablet,Accessories,West,Delhi,16038,15,986,18,Cash
ORD1242,2024-08-30,Laptop,Electronics,South,Delhi,29182,10,8632,44,Card
ORD1243,2024-08-31,Laptop,Gadgets,South,Pune,12528,1,10343,33,Cash
ORD1244,2024-09-01,Headphone,Gadgets,West,Chennai,22281,18,3498,55,Card
ORD1245,2024-09-02,Tablet,Electronics,East,Chennai,49511,2,13821,24,Card
ORD1246,2024-09-03,Smartwatch,Accessories,West,Hyderabad,9605,19,12242,40,Cash
ORD1247,2024-09-04,Charger,Gadgets,South,Bangalore,35782,13,8597,58,NetBanking
ORD1248,2024-09-05,Tablet,Accessories,North,Hyderabad,2381,1,9199,28,UPI
ORD1249,2024-09-06,Headphone,Accessories,North,Pune,2098,2,2754,59,UPI
ORD1250,2024-09-07,Headphone,Gadgets,East,Hyderabad,20810,16,12084,50,Cash
ORD1251,2024-09-08,Tablet,Accessories,West,Pune,25322,15,7492,53,Cash
ORD1252,2024-09-09,Headphone,Gadgets,North,Chennai,42869,13,12334,54,Card
ORD1253,2024-09-10,Tablet,Accessories,West,Bangalore,33955,16,1471,58,Cash
ORD1254,2024-09-11,Mobile,Gadgets,South,Hyderabad,45716,17,7235,34,Card
ORD1255,2024-09-12,Tablet,Electronics,North,Delhi,11207,7,420,52,NetBanking
ORD1256,2024-09-13,Tablet,Gadgets,East,Mumbai,22793,17,4754,22,Cash
ORD1257,2024-09-14,Headphone,Gadgets,South,Kolkata,3092,7,12351,49,UPI
ORD1258,2024-09-15,Headphone,Gadgets,East,Delhi,29220,13,5400,20,UPI
ORD1259,2024-09-16,Laptop,Gadgets,South,Chennai,19514,5,6861,52,Cash
ORD1260,2024-09-17,Laptop,Accessories,North,Kolkata,39010,17,6954,31,Card
ORD1261,2024-09-18,Mobile,Electronics,East,Mumbai,9549,3,5605,48,UPI
ORD1262,2024-09-19,Laptop,Gadgets,East,Mumbai,23031,7,14029,48,Card
ORD1263,2024-09-20,Tablet,Accessories,South,Bangalore,6185,17,9423,34,Cash
ORD1264,2024-09-21,Headphone,Electronics,East,Kolkata,16271,7,10870,41,Cash
ORD1265,2024-09-22,Laptop,Electronics,South,Bangalore,6776,1,6653,40,UPI
ORD1266,2024-09-23,Laptop,Electronics,South,Delhi,13449,17,4142,35,Cash
ORD1267,2024-09-24,Mobile,Electronics,South,Pune,25297,17,11659,31,NetBanking
ORD1268,2024-09-25,Smartwatch,Gadgets,South,Pune,41591,11,9109,32,NetBanking
ORD1269,2024-09-26,Mobile,Gadgets,North,Pune,
